7738,7699,
7792,7790,
7841,7798,
8130,8038,7839,
8141,7966,
8182,8171,7786,
8185,7910,
8197,7764,
8227,7979,
8405,7970,7818,
8413,7840,
8548,8362,
8567,8223,
8568,8198,8010,8004,
8594,8514,8308,8214,
8604,8422,7441,
8671,8165,
8678,8453,
8751,8174,
8766,8608,8546,
8888,8809,8147,7930,
8903,8735,
8904,7921,
8930,8890,8186,8124,
9186,8055,
9295,8452,
9413,7992,7635,
9421,8934,
9764,9763,
9775,9742,9741,
9783,9770,
9792,7803,
9857,9686,9223,
9899,8914,
10131,8008,
10145,8516,
10353,8730,
10422,10221,
10459,8996,
10503,8853,
10574,10514,
10586,8237,8034,
10878,9878,
11173,10309,10075,10014,9989,
11353,10925,
11638,11635,
11794,11793,
11806,10275,9712,9711,8925,
11993,11618,
12175,9534,
12241,10993,
12388,12229,12082,11778,
12652,12011,
12882,12881,12880,12879,
13049,7617,
14156,13401,11769,
14194,13121,
15336,14674,13311,
15356,13432,10041,
15630,15629,15628,
15679,15678,
15728,14969,11637,
15809,15808,
15923,14860,14147,12155,10687,10236,
16415,13609,
16451,14921,
16673,15423,
17307,16472,16251,15641,14593,13778,12506,12284,11977,11803,11801,11476,11443,11006,10352,10210,9447,8779,8270,7941,7932,
17603,17566,16282,
17764,15761,
17988,17333,17133,16909,16288,16281,
18130,14555,
18653,18652,18651,
19046,9656,
19833,19752,19144,
20242,19304,
20785,19242,
20862,20861,
20926,17896,15926,
21302,20619,
21672,13820,10434,
21830,21829,
22023,21779,
22057,17217,
22556,20944,
22686,21495,
22832,21370,
23050,9587,
23135,14076,
23247,17093,
23297,20634,
23533,22483,19849,
23689,23300,23206,22081,21579,17765,17738,17099,16327,16089,14828,14812,13083,11608,8325,
24261,20221,
24459,23748,21907,
24725,18395,
24750,24745,
24805,23109,19981,19846,19035,
24873,18564,15207,
24937,24546,24329,
25123,24884,
25418,22516,
26526,26525,
26602,22711,
26693,26002,
26724,22898,
27256,27255,
27748,27134,25764,24683,24595,21787,18661,17599,
27815,19394,
27840,25477,
27926,25530,
28089,28088,
28365,26580,20462,17701,17055,16375,
28414,21757,18989,14550,9953,
28529,27920,
28553,17120,8431,
28720,14750,
28781,27550,26088,23952,
28815,16391,
28968,20160,13511,
29207,28716,24801,19993,19820,18756,
29425,28376,
29496,21160,13585,
29533,28816,28656,28025,23528,23473,22900,22318,22030,20866,19315,10515,
29555,22224,
29572,29128,
29707,26552,
29788,29690,29277,29073,28577,28512,27945,
29812,21927,11602,10678,
29825,28086,
29961,15112,
29994,28166,26458,23577,23225,21718,20914,20793,20401,18635,9490,8867,
30078,30012,28530,
30147,29177,
30173,20957,
30208,23485,18959,
30278,29016,
30486,22346,22147,9161,
30682,22684,
30755,28561,
30868,30867,30866,
31099,28492,
31717,25960,
31856,31633,
32220,28690,
32846,20402,20047,18531,
32849,31128,
33011,33010,
33028,30860,23421,
33029,19954,
33599,29455,
34039,21376,
34158,30437,
34463,32492,
34705,34620,34618,
34846,32529,
34908,21828,
34975,19405,
34977,33568,
34980,34514,
35003,35002,
35105,28571,21348,18757,8677,
35292,17722,
35330,35329,
35409,33757,
35420,35419,35418,35417,35416,
35443,30854,10575,
35624,33696,
35695,34209,
35805,31428,23548,
35889,35757,
36099,17357,
36444,36443,
36452,12655,
36563,33901,
36650,35646,30901,28537,27525,21682,
36751,36557,
37092,34716,
37317,37316,
37721,37720,
38366,38180,
38398,35708,22672,
38696,38112,38111,38110,38108,
38755,38754,
38865,38864,
38979,38978,
39132,39131,
39157,35098,
39206,39203,
39210,39209,
39239,35771,
39258,38602,
39267,38227,
39274,38974,38837,38505,38141,37421,37251,37145,
39405,36828,31759,
39442,32443,29644,
39539,39266,39124,
39705,39154,31314,29569,21167,12355,
39763,39253,
40365,40364,40362,40358,
40374,36234,27731,
40628,40067,16637,
40644,40639,
40693,21162,20945,19429,14678,14451,
40698,40549,40470,
40752,39698,34037,
41042,41041,
41094,16635,
41146,31226,14335,
41150,39499,
41233,41232,
41370,40879,39632,39464,39236,
41423,33022,
41550,38752,38700,
10002,
10029,
10046,
10055,
10059,
10061,
10062,
10074,
10076,
10095,
10107,
10130,
10146,
10147,
10148,
10161,
10164,
10170,
10187,
10190,
10192,
10209,
10216,
10222,
10224,
10235,
10237,
10245,
10258,
10266,
10272,
10298,
10302,
10318,
10320,
10324,
10339,
10346,
10408,
10412,
10415,
10424,
10426,
10430,
10435,
10441,
10450,
10460,
10462,
10465,
10481,
10488,
10489,
10513,
10522,
10524,
10529,
10554,
10573,
10589,
10598,
10617,
10618,
10631,
10644,
10673,
10712,
10723,
10745,
10762,
10768,
10773,
10781,
10819,
10870,
10880,
10892,
10920,
10924,
10937,
10946,
10987,
10991,
10992,
11000,
11027,
11030,
11034,
11038,
11041,
11114,
11144,
11172,
11178,
11185,
11192,
11212,
11213,
11215,
11232,
11241,
11252,
11259,
11261,
11310,
11316,
11331,
11375,
11386,
11404,
11428,
11460,
11467,
11468,
11475,
11484,
11503,
11514,
11521,
11537,
11558,
11587,
11600,
11601,
11606,
11610,
11615,
11621,
11654,
11660,
11673,
11761,
11764,
11780,
11791,
11799,
11800,
11854,
11892,
11913,
11954,
11960,
11970,
11978,
11979,
11983,
12054,
12066,
12068,
12091,
12093,
12094,
12099,
12100,
12123,
12132,
12151,
12162,
12172,
12181,
12187,
12206,
12207,
12208,
12237,
12243,
12287,
12294,
12296,
12320,
12353,
12356,
12426,
12464,
12479,
12483,
12500,
12507,
12542,
12595,
12596,
12625,
12631,
12635,
12660,
12664,
12669,
12678,
12693,
12705,
12708,
12711,
12731,
12744,
12757,
12760,
12767,
12774,
12779,
12782,
12788,
12790,
12811,
12812,
12827,
12863,
12877,
12892,
12893,
12894,
12901,
12902,
12909,
12910,
12911,
12941,
12981,
13020,
13025,
13026,
13090,
13091,
13101,
13104,
13119,
13141,
13159,
13174,
13204,
13211,
13218,
13272,
13306,
13327,
13328,
13339,
13343,
13349,
13354,
13356,
13368,
13379,
13383,
13389,
13404,
13411,
13427,
13444,
13449,
13455,
13457,
13471,
13474,
13481,
13505,
13507,
13525,
13542,
13558,
13577,
13594,
13598,
13608,
13620,
13625,
13657,
13718,
13739,
13761,
13779,
13782,
13789,
13799,
13821,
13835,
13858,
13865,
13868,
13914,
13945,
13946,
13991,
14002,
14016,
14037,
14041,
14047,
14052,
14070,
14093,
14098,
14196,
14205,
14213,
14219,
14235,
14240,
14243,
14253,
14256,
14276,
14279,
14297,
14303,
14321,
14336,
14364,
14376,
14382,
14385,
14399,
14410,
14418,
14441,
14467,
14513,
14560,
14604,
14631,
14639,
14676,
14692,
14694,
14703,
14704,
14717,
14726,
14728,
14763,
14791,
14794,
14802,
14843,
14861,
14891,
14892,
14923,
14927,
14945,
14946,
14957,
14966,
14990,
15001,
15030,
15034,
15055,
15057,
15069,
15111,
15113,
15114,
15132,
15156,
15161,
15166,
15206,
15221,
15261,
15282,
15330,
15370,
15380,
15433,
15491,
15536,
15571,
15592,
15597,
15603,
15605,
15606,
15610,
15613,
15616,
15622,
15623,
15624,
15627,
15664,
15681,
15713,
15738,
15751,
15770,
15781,
15786,
15825,
15852,
15860,
15869,
15884,
15889,
15914,
15943,
15957,
15981,
15991,
15993,
16008,
16009,
16046,
16109,
16120,
16122,
16125,
16134,
16135,
16155,
16158,
16169,
16261,
16275,
16291,
16313,
16324,
16328,
16333,
16352,
16366,
16368,
16385,
16390,
16393,
16426,
16439,
16444,
16452,
16498,
16515,
16520,
16533,
16575,
16578,
16601,
16619,
16621,
16630,
16644,
16656,
16657,
16658,
16662,
16681,
16687,
16696,
16699,
16739,
16797,
16798,
16812,
16813,
16850,
16855,
16862,
16863,
16866,
16872,
16905,
16938,
16953,
17073,
17108,
17115,
17119,
17122,
17135,
17149,
17191,
17206,
17236,
17237,
17274,
17280,
17298,
17337,
17355,
17356,
17361,
17433,
17454,
17495,
17500,
17515,
17518,
17528,
17537,
17549,
17551,
17568,
17577,
17627,
17628,
17631,
17639,
17661,
17693,
17706,
17717,
17719,
17729,
17797,
17808,
17831,
17832,
17852,
17856,
17864,
17876,
17879,
17891,
17898,
17928,
17937,
17944,
17986,
18025,
18035,
18037,
18041,
18042,
18059,
18101,
18125,
18140,
18156,
18170,
18191,
18230,
18260,
18332,
18335,
18338,
18339,
18348,
18386,
18392,
18421,
18424,
18435,
18443,
18452,
18481,
18492,
18493,
18514,
18518,
18552,
18573,
18574,
18584,
18592,
18622,
18623,
18649,
18688,
18712,
18719,
18748,
18808,
18812,
18817,
18913,
18917,
18923,
18924,
18941,
18963,
18974,
18975,
19000,
19012,
19019,
19023,
19048,
19052,
19067,
19084,
19139,
19164,
19175,
19177,
19178,
19182,
19190,
19200,
19207,
19229,
19248,
19271,
19278,
19300,
19316,
19317,
19325,
19342,
19349,
19355,
19359,
19362,
19384,
19389,
19416,
19443,
19447,
19505,
19531,
19604,
19606,
19611,
19626,
19633,
19676,
19688,
19699,
19711,
19716,
19718,
19742,
19753,
19794,
19811,
19858,
19889,
19895,
19913,
19926,
19943,
20001,
20016,
20049,
20063,
20064,
20069,
20099,
20111,
20139,
20161,
20162,
20166,
20167,
20183,
20195,
20257,
20278,
20312,
20316,
20334,
20337,
20343,
20348,
20362,
20371,
20372,
20379,
20384,
20400,
20421,
20428,
20438,
20440,
20447,
20448,
20460,
20475,
20490,
20558,
20559,
20562,
20582,
20583,
20604,
20606,
20617,
20629,
20656,
20662,
20705,
20743,
20852,
20857,
20874,
20898,
20955,
20958,
20973,
20995,
21000,
21036,
21046,
21059,
21062,
21085,
21095,
21100,
21102,
21109,
21122,
21133,
21191,
21208,
21222,
21242,
21251,
21285,
21287,
21290,
21330,
21350,
21356,
21371,
21392,
21405,
21413,
21416,
21427,
21459,
21460,
21485,
21492,
21493,
21496,
21500,
21523,
21539,
21546,
21570,
21574,
21629,
21648,
21649,
21661,
21668,
21670,
21685,
21719,
21726,
21727,
21733,
21736,
21743,
21814,
21873,
21874,
21879,
21897,
21910,
21911,
21912,
21918,
21935,
21944,
21955,
21964,
22,
22052,
22104,
22106,
22134,
22137,
22175,
22182,
22203,
22206,
22233,
22259,
22281,
22287,
22299,
22306,
22348,
22375,
22412,
22437,
22463,
22481,
22493,
22547,
22580,
22621,
22622,
22631,
22639,
22683,
22708,
22714,
22741,
22752,
22791,
22875,
22886,
22903,
22910,
22946,
22953,
22960,
22989,
23003,
23045,
23055,
23057,
23065,
23117,
23121,
23122,
23130,
23167,
23236,
23346,
23347,
23403,
23416,
23474,
23550,
23606,
23618,
23642,
23665,
23667,
23670,
23687,
23692,
23713,
23724,
23728,
23729,
23747,
23752,
23795,
23798,
23813,
23836,
23837,
23886,
23925,
23938,
23956,
23998,
24028,
24029,
24064,
24095,
24120,
24153,
24156,
24219,
24222,
24228,
24229,
24232,
24267,
24276,
24291,
24331,
24337,
24374,
24416,
24417,
24422,
24426,
24432,
24437,
24448,
24450,
24453,
24464,
24469,
24483,
24501,
24509,
24526,
24555,
24561,
24565,
24575,
24594,
24614,
24619,
24643,
24664,
24698,
24734,
24800,
24839,
24922,
24991,
25000,
25025,
25040,
25061,
25062,
25077,
25090,
25091,
25101,
25175,
25189,
25198,
25225,
25247,
25253,
25259,
25269,
25376,
25414,
25420,
25444,
25460,
25507,
25516,
25520,
25523,
25578,
25635,
25636,
25640,
25659,
25672,
25677,
25701,
25714,
25716,
25739,
25833,
25854,
25867,
25870,
25875,
25910,
25931,
25949,
25961,
26046,
26071,
26076,
26093,
26166,
26180,
26233,
26265,
26284,
26287,
26289,
26301,
26334,
26359,
26381,
26390,
26391,
26415,
26439,
26442,
26467,
26474,
26542,
26597,
26650,
26653,
26706,
26767,
26799,
26857,
26866,
26912,
26948,
26965,
26975,
27038,
27039,
27070,
27076,
27079,
27106,
27126,
27138,
27149,
27179,
27189,
27241,
27271,
27292,
27311,
27313,
27319,
27322,
27345,
27352,
27361,
27369,
27370,
27378,
27379,
27399,
27424,
27428,
27442,
27472,
27500,
27510,
27535,
27543,
27576,
27605,
27618,
27619,
27649,
27679,
27701,
27719,
27726,
27758,
27768,
27770,
27793,
27808,
27823,
27837,
27849,
27862,
27866,
27886,
27889,
27927,
27928,
27930,
27951,
27966,
27979,
27985,
27999,
28009,
28011,
28047,
28063,
28116,
28117,
28125,
28145,
28149,
28155,
28167,
28171,
28173,
28174,
28199,
28204,
28212,
28250,
28253,
28268,
28281,
28287,
28315,
28338,
28370,
28413,
28415,
28442,
28449,
28451,
28458,
28459,
28473,
28475,
28477,
28500,
28503,
28511,
28521,
28523,
28531,
28535,
28545,
28551,
28567,
28570,
28572,
28573,
28575,
28581,
28582,
28585,
28594,
28628,
28637,
28643,
28657,
28665,
28673,
28722,
28732,
28733,
28740,
28792,
28798,
28802,
28832,
28870,
28888,
28898,
28923,
28942,
28950,
29003,
29034,
29070,
29078,
29098,
29102,
29115,
29122,
29142,
29148,
29161,
29173,
29184,
29189,
29216,
29217,
29243,
29271,
29272,
29276,
29310,
29318,
29328,
29332,
29433,
29445,
29467,
29503,
29511,
29518,
29528,
29534,
29543,
29566,
29567,
29576,
29582,
29586,
29594,
29599,
29627,
29654,
29670,
29678,
29696,
29700,
29732,
29733,
29740,
29750,
29755,
29758,
29769,
29795,
29834,
29856,
29892,
29925,
29927,
29933,
29940,
29944,
29947,
29962,
29964,
29990,
29991,
30004,
30005,
30022,
30024,
30025,
30033,
30047,
30060,
30118,
30121,
30132,
30134,
30171,
30186,
30222,
30223,
30233,
30247,
30290,
30308,
30335,
30338,
30341,
30381,
30385,
30399,
30413,
30419,
30436,
30439,
30464,
30487,
30515,
30549,
30553,
30555,
30559,
30585,
30592,
30610,
30616,
30656,
30672,
30677,
30723,
30724,
30732,
30769,
30782,
30807,
30831,
30837,
30919,
31008,
31014,
31022,
31029,
31036,
31053,
31059,
31066,
31068,
31079,
31083,
31107,
31126,
31145,
31152,
31183,
31228,
31237,
31247,
31250,
31259,
31274,
31289,
31315,
31324,
31349,
31370,
31384,
31385,
31391,
31412,
31424,
31427,
31430,
31431,
31443,
31445,
31448,
31453,
31454,
31463,
31466,
31472,
31486,
31505,
31517,
31538,
31558,
31599,
31628,
31651,
31653,
31704,
31723,
31764,
31765,
31782,
31802,
31810,
31823,
31847,
31848,
31865,
31866,
31867,
31872,
31875,
31880,
31896,
31897,
31898,
31905,
31913,
31942,
31943,
32010,
32026,
32037,
32052,
32060,
32085,
32098,
32101,
32155,
32186,
32226,
32229,
32239,
32243,
32254,
32264,
32315,
32322,
32325,
32340,
32355,
32367,
32407,
32421,
32426,
32427,
32440,
32459,
32469,
32474,
32479,
32535,
32542,
32553,
32561,
32578,
32621,
32627,
32660,
32699,
32702,
32710,
32711,
32726,
32744,
32747,
32759,
32763,
32787,
32794,
32796,
32812,
32842,
32848,
32916,
32930,
32962,
32985,
33012,
33025,
33048,
33055,
33092,
33123,
33170,
33171,
33179,
33198,
33200,
33201,
33203,
33218,
33271,
33272,
33290,
33301,
33329,
33337,
33366,
33372,
33382,
33400,
33402,
33410,
33421,
33422,
33438,
33454,
33458,
33488,
33500,
33501,
33504,
33530,
33540,
33552,
33588,
33610,
33615,
33646,
33651,
33655,
33659,
33679,
33707,
33712,
33716,
33741,
33748,
33756,
33765,
33773,
33781,
33798,
33805,
33817,
33818,
33852,
33858,
33897,
33899,
33917,
33930,
33968,
33992,
33994,
34009,
34040,
34073,
34093,
34096,
34105,
34117,
34129,
34147,
34148,
34155,
34169,
34177,
34178,
34179,
34184,
34195,
34221,
34225,
34232,
34264,
34266,
34274,
34295,
34301,
34335,
34338,
34380,
34384,
34395,
34421,
34422,
34433,
34439,
34452,
34468,
34479,
34487,
34504,
34512,
34517,
34520,
34535,
34537,
34542,
34581,
34588,
34589,
34594,
34595,
34608,
34617,
34621,
34622,
34627,
34641,
34683,
34699,
34700,
34728,
34729,
34731,
34756,
34767,
34768,
34793,
34797,
34803,
34804,
34809,
34834,
34848,
34854,
34863,
34869,
34879,
34888,
34891,
34897,
34915,
34926,
34947,
34971,
34991,
35001,
35015,
35016,
35019,
35039,
35081,
35082,
35093,
35103,
35137,
35145,
35178,
35211,
35218,
35279,
35310,
35373,
35380,
35404,
35438,
35469,
35485,
35528,
35530,
35535,
35567,
35584,
35594,
35598,
35611,
35622,
35638,
35680,
35686,
35732,
35779,
35782,
35840,
35854,
35856,
35868,
35909,
35952,
35962,
35995,
36006,
36029,
36065,
36090,
36103,
36116,
36118,
36145,
36166,
36177,
36191,
36225,
36264,
36280,
36313,
36346,
36349,
36364,
36368,
36374,
36399,
36410,
36422,
36424,
36428,
36438,
36478,
36497,
36507,
36509,
36556,
36588,
36601,
36605,
36610,
36620,
36634,
36648,
36649,
36679,
36684,
36690,
36692,
36693,
36697,
36716,
36730,
36737,
36739,
36816,
36818,
36841,
36849,
36855,
36869,
36883,
36888,
36902,
36906,
36908,
36919,
36936,
36944,
36951,
36964,
36966,
37006,
37025,
37026,
37043,
37051,
37074,
37077,
37100,
37103,
37118,
37128,
37130,
37141,
37189,
37190,
37191,
37202,
37214,
37283,
37288,
37323,
37357,
37371,
37375,
37467,
37488,
37492,
37494,
37512,
37513,
37519,
37536,
37551,
37553,
37558,
37559,
37562,
37566,
37568,
37573,
37611,
37613,
37620,
37621,
37624,
37687,
37723,
37729,
37753,
37758,
37784,
37790,
37791,
38002,
38013,
38017,
38023,
38028,
38033,
38059,
38063,
38070,
38086,
38096,
38114,
38123,
38142,
38143,
38146,
38147,
38153,
38166,
38195,
38209,
38213,
38219,
38248,
38277,
38280,
38297,
38303,
38336,
38340,
38348,
38350,
38359,
38368,
38378,
38393,
38403,
38404,
38409,
38429,
38449,
38488,
38521,
38522,
38528,
38543,
38594,
38608,
38621,
38665,
38691,
38701,
38709,
38733,
38736,
38737,
38739,
38773,
38790,
38793,
38838,
38860,
38871,
38876,
38892,
38905,
38910,
38934,
38938,
38952,
38965,
38966,
38977,
38983,
38991,
39099,
39101,
39103,
39112,
39133,
39187,
39201,
39240,
39282,
39283,
39304,
39321,
39323,
39342,
39353,
39372,
39386,
39403,
39420,
39454,
39469,
39471,
39474,
39485,
39487,
39491,
39493,
39494,
39495,
39500,
39514,
39515,
39528,
39529,
39574,
39588,
39593,
39624,
39643,
39645,
39647,
39650,
39668,
39672,
39678,
39680,
39686,
39726,
39731,
39739,
39742,
39749,
39756,
39760,
39761,
39762,
39788,
39806,
39816,
39843,
39849,
39851,
39854,
39894,
39900,
39912,
39915,
39930,
39938,
39939,
39947,
39950,
39951,
39962,
39979,
39982,
39992,
40003,
40010,
40029,
40030,
40049,
40051,
40052,
40078,
40079,
40101,
40121,
40125,
40126,
40136,
40141,
40148,
40328,
40355,
40366,
40372,
40400,
40431,
40476,
40480,
40496,
40527,
40538,
40545,
40563,
40573,
40587,
40599,
40602,
40613,
40640,
40650,
40651,
40652,
40653,
40656,
40657,
40658,
40721,
40737,
40759,
40763,
40765,
40780,
40785,
40799,
40800,
40814,
40836,
40837,
40842,
40843,
40866,
40876,
40878,
40890,
40926,
40928,
40942,
40950,
40958,
40981,
40982,
40985,
41010,
41013,
41014,
41021,
41022,
41048,
41055,
41068,
41095,
41102,
41103,
41107,
41138,
41147,
41162,
41175,
41177,
41193,
41199,
41241,
41245,
41252,
41276,
41290,
41302,
41335,
41338,
41358,
41360,
41371,
41417,
41456,
41461,
41468,
41516,
41583,
41590,
41598,
41600,
41601,
41617,
41624,
7415,
7523,
7642,
7768,
7774,
7791,
7795,
7802,
7804,
7810,
7811,
7812,
7816,
7820,
7821,
7822,
7823,
7824,
7832,
7838,
7843,
7846,
7867,
7876,
7882,
7883,
7888,
7889,
7896,
7907,
7908,
7920,
7951,
7956,
7957,
7969,
7988,
7990,
7991,
7994,
7997,
7999,
8000,
8009,
8014,
8015,
8016,
8028,
8045,
8046,
8059,
8061,
8063,
8064,
8076,
8090,
8121,
8122,
8143,
8144,
8150,
8161,
8164,
8166,
8167,
8170,
8179,
8184,
8211,
8226,
8234,
8241,
8253,
8261,
8273,
8291,
8314,
8320,
8326,
8327,
8357,
8374,
8387,
8388,
8389,
8407,
8421,
8424,
8440,
8455,
8462,
8464,
8466,
8472,
8482,
8483,
8491,
8493,
8500,
8504,
8506,
8528,
8533,
8540,
8544,
8569,
8572,
8587,
8597,
8601,
8610,
8625,
8629,
8643,
8659,
8663,
8673,
8696,
8707,
8714,
8720,
8724,
8726,
8729,
8740,
8755,
8760,
8789,
8812,
8832,
8841,
8869,
8880,
8883,
8910,
8911,
8931,
8938,
8943,
8944,
8945,
8963,
8993,
8995,
9003,
9011,
9014,
9038,
9046,
9061,
9065,
9108,
9156,
9168,
9169,
9175,
9185,
9187,
9209,
9214,
9216,
9222,
9225,
9229,
9233,
9234,
9244,
9290,
9299,
9316,
9319,
9329,
9370,
9410,
9412,
9432,
9457,
9464,
9469,
9483,
9484,
9485,
9488,
9491,
9493,
9512,
9513,
9557,
9566,
9608,
9614,
9618,
9619,
9636,
9644,
9657,
9660,
9673,
9680,
9685,
9689,
9708,
9710,
9714,
9724,
9729,
9768,
9787,
9789,
9797,
9807,
9820,
9822,
9858,
9866,
9873,
9909,
9915,
9971,
9972,
9976,
9978,
9984,
